Module Type ID,Serial Number
A6,B0323523000312
A6,B0323523000298
A6,B0323523000254
A6,B0323523000317
A6,B0323523000327
A6,B0323523000256
A6,B0323523000257
A6,B0323523000249
A6,B0323523000294
A6,C0329023000027S
A6,C0329023000024S
A6,C0329023000044S
A6,B0323523000270
A6,B0323523000268
A6,B0323523000277
A6,B0323523000307
A6,C0329023000023S
A6,C0329023000022S
A6,B0323523000295
A6,C0329023000067S
A6,B0323523000272
A6,B0323523000283
A6,B0323523000280
A6,B0323523000278
A6,C0329023000016S
A6,C0329023000042S
A6,C0329023000058S
A6,C0329023000064S
A6,B0323523000321
A6,C0329023000019S
A6,B0323523000286
A6,B0323523000276
A6,B0323523000331
A6,C0329023000034S
A6,C0329023000021S
A6,B0323523000297
A6,B0323523000316
A6,C0329023000063S
A6,C0329023000018S
A6,B0323523000302
A6,B0323523000318
A6,B0323523000308
A6,B0323523000322
A6,B0323523000305
A6,B0323523000284
A6,B0323524000041
A6,B0323524000008
A6,B0323524000024
A6,B0323524000043
A6,B0323524000010
A6,B0323524000039
A6,B0323524000007
A6,B0323524000027
A6,B0323524000035
A6,B0323524000006
A6,B0323524000034
A6,B0323524000049
A6,B0323524000001
A6,B0323524000037
A6,B0323524000011
A6,B0323524000009
A6,B0323524000014
A6,B0323524000012
A6,B0323524000005
A6,B0323524000018
A6,B0323524000020
A6,B0323524000002
A6,B0323524000048
A6,B0323524000019
A6,B0323524000032
A6,B0323524000031
A6,B0323524000013
A6,B0323524000016
A6,B0323524000026
A6,B0323524000022
A6,B0323524000033
A6,B0323524000028
A6,B0323524000044
A6,B0323523000336
A6,B0323524000025
A6,B0323524000015
A6,B0323524000038
A6,B0323524000046
A6,B0323524000030
A6,B0323524000023
A6,B0323524000021
A6,B0323523000335
A6,B0323524000045
A6,B0323523000332
A6,B0323524000004
A6,B0323523000334
A6,B0323524000047
A6,B0323524000029
A6,B0323524000050
A6,B0323524000042
A6,B0323524000036
A6,B0323524000040
A6,B0323523000333
A6,B0323524000017
A6,B0323524000003
A6,B0323523000250
A6,B0323523000288
A6,B0323523000258
A6,B0323523000290
A6,B0323523000251
A6,B0323523000253
A6,B0323523000263
A6,B0323523000313
A6,B0323523000274
A6,C0329023000045S
A6,B0323523000309
A6,C0329023000047S
A6,C0329023000041S
A6,C0329023000057S
A6,C0329023000051S
A6,C0329023000073S
A6,C0329023000017S
A6,C0329023000032S
A6,C0329023000035S
A6,C0329023000037S
A6,C0329023000048S
A6,B0323523000330
A6,B0323523000261
A6,C0329023000039S
A6,C0329023000014S
A6,C0329023000020S
A6,C0329023000062S
A6,C0329023000059S
A6,B0323523000281
A6,C0329023000038S
A6,B0323523000265
A6,C0329023000052S
A6,C0329023000031S
A6,C0329023000033S
A6,B0323523000266
A6,C0329023000036S
A6,C0329023000028S
A6,C0329023000050S
A6,C0329023000061S
A6,C0329023000040S
A6,B0323523000320
A6,B0323523000329
A6,C0329023000074S
A6,C0329023000046S
A6,B0323523000319
A6,C0329023000043S
A6,B0323523000264
A6,C0329023000049S
A6,B0323523000275
A6,C0329023000071S
A6,C0329023000060S
A6,B0323523000314
A6,B0323523000304
A6,B0323523000289
A6,B0323523000259
A6,B0323523000252
A6,B0323523000285
A6,B0323523000287
A6,B0323523000246
A6,B0323523000248
A6,B0323523000255
A6,B0323523000247
A6,B0323523000260
A6,C0329023000026S
A6,B0323523000267
A6,C0329023000011S
A6,C0329023000030S
A6,C0329023000025S
A6,B0323523000269
A6,C0329023000029S
A6,C0329023000072S
A6,B0323523000282
A6,C0329023000065S
A6,B0323523000326
A6,B0323523000262
A6,B0323523000292
A6,B0323523000323
A6,C0329023000053S
A6,B0323523000291
A6,B0323523000324
A6,C0329023000055S
A6,B0323523000301
A6,C0329023000054S
A6,C0329023000056S
A6,C0329023000066S
A6,C0329023000012S
A6,C0329023000069S
A6,B0323523000325
A6,C0329023000013S
A6,B0323523000315
A6,B0323523000296
A6,C0329023000068S
A6,B0323523000303
A6,B0323523000271
A6,B0323523000299
A6,B0323523000311
A6,B0323523000279
A6,B0323523000293
A6,B0323523000310
A6,B0323523000273
A6,B0323523000328
A6,B0323523000306
A6,C0329023000070S
A6,B0323523000300
A6,C0329023000015S
A7,B0323524000073_1
A7,B0323524000071
A7,B0323524000072_1
A7,B0323524000074_1
A7,B0323524000075
